,phase,w,mag
0,-0.0062432717578017995,0.1,2.4405147268806964
1,-0.479646972563214,10.10990990990991,2.1638809460145305
2,-0.9378396627224423,20.11981981981982,1.6391400391946747
3,-1.1310726289300435,30.129729729729732,1.1694125446073362
4,-1.2264879910317321,40.13963963963964,0.8975292139119314
5,-1.2818552981607472,50.14954954954955,0.7244494970157983
6,-1.3164846196032178,60.15945945945946,0.6051889312585346
7,-1.3387630585531796,70.16936936936936,0.5180932120348606
8,-1.3528850528833802,80.17927927927927,0.45163833115942664
9,-1.3611246893309874,90.18918918918918,0.39917254652675316
10,-1.3647579981858728,100.19909909909909,0.3566025626272038
11,-1.3644827263825354,110.209009009009,0.3212776830746802
12,-1.36062240106797,120.21891891891892,0.2914096092735414
13,-1.353226284360052,130.22882882882882,0.2657518186473486
14,-1.3421129145014985,140.23873873873873,0.24341368907302036
15,-1.3268788857260894,150.24864864864864,0.22374903289786255
16,-1.3068833347768176,160.25855855855855,0.20628837997712685
17,-1.2812147494088257,170.26846846846846,0.19069902766913663
18,-1.2486488552002897,180.27837837837836,0.1767647301968984
19,-1.2076172899536297,190.28828828828827,0.164381488991982
20,-1.1562339314015426,200.29819819819818,0.1535686702500208
21,-1.0924802775136386,210.3081081081081,0.1444956071257404
22,-1.0147355616571077,220.318018018018,0.1375211856679157
23,-0.9228947093639117,230.3279279279279,0.13323381904854484
24,-0.8201346236053701,240.33783783783784,0.13245864586994696
25,-0.7146483692994872,250.34774774774775,0.1361772659076066
26,-0.6196700980859211,260.3576576576577,0.14531516170158526
27,-0.5505543526054983,270.36756756756756,0.16040688721966087
28,-0.5202457672874277,280.3774774774775,0.18117505928558122
29,-0.5357833679220494,290.3873873873874,0.20602643385053948
30,-0.5964980505958668,300.3972972972973,0.23163069554063329
31,-0.693316306437535,310.4072072072072,0.25327560616407374
32,-0.8103342432696754,320.41711711711713,0.26670105782505515
33,-0.9300396083434006,330.42702702702707,0.2703844951505406
34,-1.0394132675599475,340.43693693693695,0.26592731556948346
35,-1.132362699707237,350.4468468468469,0.25636045500922017
36,-1.2081715531710435,360.45675675675676,0.24441955168106647
37,-1.26881790770858,370.4666666666667,0.2319053129461434
38,-1.3170619333167022,380.4765765765766,0.2197870388927596
39,-1.3555271771884005,390.4864864864865,0.20849769590919648
40,-1.3863958493273352,400.4963963963964,0.19817571864641265
41,-1.4113810585738589,410.5063063063063,0.18881477933303978
42,-1.431794383661096,420.5162162162162,0.18034552082793728
43,-1.4486312421968688,430.52612612612614,0.17267692391946474
44,-1.4626469907645714,440.536036036036,0.16571592566409432
45,-1.474417389076389,450.54594594594596,0.1593759211804379
46,-1.4843843491266988,460.55585585585584,0.15357980205681337
47,-1.4928898221256521,470.5657657657658,0.1482604283280228
48,-1.5002007069194303,480.5756756756757,0.14335998283594492
49,-1.5065271512218834,490.5855855855856,0.13882891495421865
50,-1.5120360471701753,500.5954954954955,0.13462480621727285
51,-1.5168610419904087,510.6054054054054,0.13071130386835278
52,-1.5211100168712008,520.6153153153153,0.12705717714609355
53,-1.5248707179238952,530.6252252252252,0.12363550799740083
54,-1.5282150299438413,540.6351351351351,0.12042300879448614
55,-1.5312022462636647,550.6450450450451,0.11739945233196415
56,-1.533881590387775,560.654954954955,0.1145471977019484
57,-1.5362941756554143,570.6648648648649,0.11185079648023187
58,-1.5384745395499138,580.6747747747747,0.10929666546648964
59,-1.5404518536080662,590.6846846846847,0.10687281426750042
60,-1.5422508840844917,600.6945945945946,0.10456861796241215
61,-1.543892759737339,610.7045045045045,0.10237462681226285
62,-1.5453955893177806,620.7144144144144,0.10028240643936935
63,-1.5467749611643262,630.7243243243244,0.09828440311737333
64,-1.5480443497242338,640.7342342342342,0.09637382980793452
65,-1.5492154481467757,650.7441441441441,0.09454456938946511
66,-1.5502984418112147,660.7540540540541,0.09279109217837732
67,-1.5513022343960488,670.763963963964,0.09110838537284066
68,-1.5522346356118522,680.7738738738739,0.08949189247683005
69,-1.5531025178053708,690.7837837837837,0.08793746110822015
70,-1.5539119471626595,700.7936936936937,0.08644129787497225
71,-1.5546682940877614,710.8036036036036,0.08499992923091017
72,-1.5553763264298397,720.8135135135135,0.08361016740780466
73,-1.556040288524007,730.8234234234234,0.08226908067163491
74,-1.5566639684482315,740.8333333333334,0.08097396727459796
75,-1.557250755453455,750.8432432432433,0.07972233257610711
76,-1.5578036891667353,760.8531531531531,0.07851186888970023
77,-1.5583255018826623,770.863063063063,0.07734043768200069
78,-1.5588186550246819,780.872972972973,0.07620605380725383
79,-1.5592853706758552,790.8828828828829,0.07510687150866555
80,-1.559727658922074,800.8927927927928,0.07404117195762255
81,-1.560147341630118,810.9027027027028,0.07300735213521489
82,-1.5605460731801355,820.9126126126126,0.07200391488845362
83,-1.5609253585891463,830.9225225225225,0.0710294600171933
84,-1.5612865693924534,840.9324324324324,0.07008267626764343
85,-1.5616309575944196,850.9423423423424,0.06916233412526783
86,-1.5619596679506687,860.9522522522523,0.06826727931418076
87,-1.5622737488056895,870.9621621621621,0.06739642692237474
88,-1.5625741616766569,880.972072072072,0.06654875608254045
89,-1.5628617897454864,890.981981981982,0.065723305147187
90,-1.5631374453992197,900.9918918918919,0.06491916730443455
91,-1.5634018769381244,911.0018018018018,0.06413548658746117
92,-1.5636557745546382,921.0117117117117,0.06337145423628844
93,-1.5638997756725581,931.0216216216216,0.06262630537551964
94,-1.5641344697228694,941.0315315315315,0.061899315975928626
95,-1.5643604024231974,951.0414414414414,0.0611898000714918
96,-1.5645780796191684,961.0513513513514,0.0604971072067203
97,-1.5647879707376473,971.0612612612613,0.059820620091956815
98,-1.5649905118963623,981.0711711711712,0.0591597524467685
99,-1.5651861087081154,991.081081081081,0.05851394701374947
100,-1.565375138813461,1001.090990990991,0.05788267372692465
101,-1.5655579541713671,1011.1009009009009,0.05726542802064629
102,-1.56573488313419,1021.1108108108108,0.05666172926632254
103,-1.5659062323294781,1031.1207207207206,0.05607111932563808
104,-1.5660722883688651,1041.1306306306305,0.05549316121006788
105,-1.5662333194023337,1051.1405405405403,0.054927437837517225
106,-1.5663895765334164,1061.1504504504503,0.05437355087780815
107,-1.5665412951091298,1071.1603603603603,0.053831119679566816
108,-1.5666886958974893,1081.17027027027,0.053299780271751654
109,-1.566831986163461,1091.18018018018,0.0527791844337273
110,-1.5669713606534696,1101.19009009009,0.05226899882835394
111,-1.5671070024969007,1111.1999999999998,0.0517689041930644
112,-1.5672390840325516,1121.2099099099098,0.051278594584371104
113,-1.567367767567659,1131.2198198198198,0.050797776671657205
114,-1.5674932060746334,1141.2297297297296,0.050326169076460654
115,-1.5676155438324242,1151.2396396396396,0.049863501753814966
116,-1.5677349170167114,1161.2495495495493,0.04940951541249032
117,-1.5678514542436541,1171.2594594594593,0.04896396097126137
118,-1.567965277071831,1181.2693693693693,0.04852659904856784
119,-1.5680765004653312,1191.279279279279,0.04809719948315418
120,-1.5681852332217099,1201.289189189189,0.04767554088347788
121,-1.5682915783680913,1211.299099099099,0.0472614102038547
122,-1.5683956335273643,1221.3090090090088,0.04685460234547302
123,-1.5684974912579268,1231.3189189189188,0.04645491978056304
124,-1.5685972393683862,1241.3288288288286,0.04606217219814014
125,-1.5686949612098784,1251.3387387387386,0.04567617616986387
126,-1.56879073594717,1261.3486486486486,0.045296754834667725
127,-1.5688846388110547,1271.3585585585583,0.04492373760092561
128,-1.5689767413329074,1281.3684684684683,0.04455695986500049
129,-1.5690671115629755,1291.3783783783783,0.0441962627451191
130,-1.5691558142739537,1301.388288288288,0.043841492829593605
131,-1.5692429111504331,1311.398198198198,0.04349250193847385
132,-1.5693284609659848,1321.408108108108,0.0431491468977938
133,-1.5694125197482032,1331.4180180180178,0.04281128932562785
134,-1.5694951409330675,1341.4279279279278,0.04247879542922857
135,-1.5695763755090006,1351.4378378378376,0.04215153581257384
136,-1.5696562721519858,1361.4477477477476,0.0418293852936939
137,-1.5697348773516533,1371.4576576576576,0.04151222273119278
138,-1.5698122355295185,1381.4675675675674,0.04119993085942439
139,-1.569888389149993,1391.4774774774774,0.04089239613180982
140,-1.569963378824074,1401.4873873873873,0.04058950857182858
141,-1.5700372434070264,1411.497297297297,0.040291161631238644
142,-1.5701100200897866,1421.507207207207,0.03999725205511398
143,-1.5701817444850208,1431.5171171171169,0.039707679753315184
144,-1.570252450707972,1441.5270270270269,0.03942234767803225
145,-1.5703221714523756,1451.5369369369369,0.0391411617070619
146,-1.5703909380620849,1461.5468468468466,0.03886403053250502
147,-1.5704587805983057,1471.5567567567566,0.038590865554587975
148,-1.5705257279030518,1481.5666666666666,0.03832158078033028
149,-1.5705918076589562,1491.5765765765764,0.03805609272679982
150,-1.5706570464455203,1501.5864864864864,0.037794320328710926
151,-1.5707214697923766,1511.5963963963964,0.03753618485013632
152,-1.5707851022293895,1521.6063063063061,0.03728160980011826
153,-1.5708479673341438,1531.6162162162161,0.03703052085197677
154,-1.5709100877765667,1541.6261261261259,0.03678284576612439
155,-1.5709714853613737,1551.6360360360359,0.03653851431620754
156,-1.571032181067929,1561.6459459459459,0.036297458218409254
157,-1.5710921950883339,1571.6558558558556,0.036059611063751135
158,-1.5711515468629236,1581.6657657657656,0.03582490825324652
159,-1.5712102551145344,1591.6756756756756,0.03559328693576468
160,-1.5712683378804015,1601.6855855855854,0.03536468594847162
161,-1.571325812542718,1611.6954954954954,0.03513904575972314
162,-1.5713826958574832,1621.7054054054054,0.03491630841429074
163,-1.571439003981898,1631.7153153153151,0.034696417480810184
164,-1.5714947525003884,1641.7252252252251,0.03447931800134425
165,-1.5715499564491882,1651.735135135135,0.03426495644296306
166,-1.5716046303398932,1661.745045045045,0.0340532806512447
167,-1.5716587881816,1671.7549549549549,0.03384423980560813
168,-1.571712443502162,1681.7648648648646,0.03363778437639343
169,-1.5717656093682637,1691.7747747747746,0.033433866083609126
170,-1.5718182984044937,1701.7846846846846,0.03323243785727034
171,-1.571870522811641,1711.7945945945944,0.03303345379925726
172,-1.571922294384007,1721.8045045045044,0.03283686914662296
173,-1.5719736245258054,1731.8144144144142,0.03264264023628908
174,-1.5720245242670077,1741.8243243243242,0.0324507244710652
175,-1.5720750042782414,1751.8342342342341,0.032261080286935584
176,-1.5721250748850666,1761.844144144144,0.03207366712155674
177,-1.5721747460815918,1771.854054054054,0.0318884453839135
178,-1.5722240275434454,1781.863963963964,0.03170537642508436
179,-1.5722729286401578,1791.8738738738737,0.03152442251006757
180,-1.5723214584470135,1801.8837837837837,0.031345546790623735
181,-1.5723696257562472,1811.8936936936936,0.031168713279091192
182,-1.5724174390879375,1821.9036036036034,0.03099388682313386
183,-1.5724649067002574,1831.9135135135134,0.030821033081382544
184,-1.5725120365992453,1841.9234234234232,0.03065011849993246
185,-1.572558836548277,1851.9333333333332,0.030481110289661852
186,-1.572605314077091,1861.9432432432432,0.03031397640433844
187,-1.5726514764902826,1871.953153153153,0.03014868551948076
188,-1.5726973308756655,1881.963063063063,0.02998520701194512
189,-1.5727428841120255,1891.972972972973,0.029823510940207524
190,-1.57278814287676,1901.9828828828827,0.02966356802531452
191,-1.5728331136530256,1911.9927927927927,0.029505349632474885
192,-1.572877802736701,1922.0027027027027,0.02934882775326808
193,-1.572922216243002,1932.0126126126124,0.02919397498844395
194,-1.5729663601128843,1942.0225225225224,0.029040764531292885
195,-1.573010240118973,1952.0324324324322,0.028889170151561148
196,-1.573053861871622,1962.0423423423422,0.0287391661798934
197,-1.5730972308243445,1972.0522522522522,0.028590727492780705
198,-1.5731403522792482,1982.062162162162,0.028443829497994743
199,-1.5731832313922631,1992.072072072072,0.02829844812049039
200,-1.5732258731779305,2002.081981981982,0.028154559788758634
201,-1.5732682825143132,2012.0918918918917,0.02801214142161352
202,-1.5733104641474551,2022.1018018018017,0.027871170415396156
203,-1.5733524226958624,2032.1117117117115,0.02773162463158099
204,-1.5733941626546033,2042.1216216216214,0.027593482384769406
205,-1.5734356883994576,2052.1315315315314,0.027456722431056672
206,-1.5734770041907746,2062.141441441441,0.027321323956757907
207,-1.5735181141772128,2072.151351351351,0.027187266567481168
208,-1.5735590223993106,2082.161261261261,0.027054530277534117
209,-1.5735997327930316,2092.171171171171,0.026923095499653413
210,-1.5736402491930133,2102.1810810810807,0.0267929430350442
211,-1.5736805753358476,2112.190990990991,0.026664054063719824
212,-1.5737207148630776,2122.2009009009007,0.026536410135130088
213,-1.573760671324295,2132.2108108108105,0.02640999315906924
214,-1.5738004481798982,2142.2207207207207,0.02628478539685255
215,-1.5738400488038782,2152.2306306306305,0.026160769452753314
216,-1.5738794764865338,2162.24054054054,0.026037928265690798
217,-1.5739187344369407,2172.2504504504504,0.025916245101160265
218,-1.5739578257854883,2182.26036036036,0.025795703543397636
219,-1.5739967535862471,2192.27027027027,0.02567628748777005
220,-1.5740355208192203,2202.28018018018,0.025557981133384797
221,-1.5740741303926644,2212.29009009009,0.025440768975910216
222,-1.5741125851450717,2222.2999999999997,0.02532463580059944
223,-1.5741508878473767,2232.30990990991,0.025209566675512902
224,-1.574189041204842,2242.3198198198197,0.025095546944930956
225,-1.5742270478590379,2252.3297297297295,0.024982562222950755
226,-1.5742649103896882,2262.3396396396397,0.02487059838726284
227,-1.5743026313164294,2272.3495495495495,0.024759641573098734
228,-1.5743402131005595,2282.3594594594592,0.02464967816734702
229,-1.574377658146706,2292.369369369369,0.024540694802830543
230,-1.574414968804439,2302.379279279279,0.0244326783527401
231,-1.5744521473698374,2312.389189189189,0.024325615925219722
232,-1.5744891960869947,2322.3990990990987,0.02421949485809861
233,-1.5745261171494145,2332.409009009009,0.024114302713765128
234,-1.5745629127015788,2342.4189189189187,0.024010027274178388
235,-1.5745995848400913,2352.4288288288285,0.02390665653601286
236,-1.574636135615162,2362.4387387387387,0.02380417870593236
237,-1.574672567031836,2372.4486486486485,0.023702582195989065
238,-1.5747088810512,2382.4585585585583,0.023601855619143276
239,-1.5747450795915754,2392.4684684684685,0.023501987784901483
240,-1.574781164529732,2402.4783783783782,0.023402967695067604
241,-1.5748171377019295,2412.488288288288,0.0233047845396048
242,-1.57485300090503,2422.498198198198,0.02320742769260453
243,-1.574888755897563,2432.508108108108,0.023110886708359254
244,-1.5749244044007427,2442.5180180180178,0.023015151317535783
245,-1.5749599480993737,2452.527927927928,0.022920211423446427
246,-1.5749953886429429,2462.5378378378377,0.022826057098414863
247,-1.5750307276463988,2472.5477477477475,0.022732678580233777
248,-1.5750659666911309,2482.5576576576573,0.02264006626871208
249,-1.5751011073258405,2492.5675675675675,0.022548210722308466
250,-1.5751361510673176,2502.5774774774773,0.022457102654848952
251,-1.5751710994012964,2512.587387387387,0.022366732932326237
252,-1.5752059537832859,2522.5972972972972,0.022277092569778445
253,-1.5752407156392227,2532.607207207207,0.02218817272824421
254,-1.5752753863663564,2542.617117117117,0.02209996471179315
255,-1.5753099673338447,2552.627027027027,0.022012459964628715
256,-1.57534445988351,2562.6369369369368,0.021925650068261075
257,-1.5753788653305374,2572.6468468468465,0.02183952673874964
258,-1.5754131849640955,2582.6567567567567,0.02175408182401071
259,-1.5754474200479869,2592.6666666666665,0.021669307301191154
260,-1.5754815718212833,2602.6765765765763,0.021585195274104053
261,-1.5755156414989024,2612.6864864864865,0.02150173797072581
262,-1.5755496302722205,2622.6963963963963,0.02141892774075291
263,-1.5755835393096038,2632.706306306306,0.02133675705321581
264,-1.5756173697570055,2642.7162162162163,0.021255218494149707
265,-1.5756511227384766,2652.726126126126,0.02117430476431957
266,-1.5756847993566996,2662.736036036036,0.021094008676998257
267,-1.5757184006934557,2672.7459459459456,0.02101432315579644
268,-1.57575192781016,2682.7558558558558,0.020935241232542902
269,-1.57578538174836,2692.7657657657655,0.02085675604521359
270,-1.5758187635301326,2702.7756756756753,0.02077886083590831
271,-1.5758520741585775,2712.7855855855855,0.02070154894887375
272,-1.5758853146182334,2722.7954954954953,0.020624813828571655
273,-1.5759184858755673,2732.805405405405,0.02054864901779086
274,-1.5759515888792863,2742.8153153153153,0.020473048155801872
275,-1.5759846245608597,2752.825225225225,0.020398004976553474
276,-1.5760175938348133,2762.835135135135,0.020323513306909242
277,-1.5760504975991567,2772.845045045045,0.020249567064923927
278,-1.576083336735756,2782.854954954955,0.02017616025815828
279,-1.5761161121107257,2792.8648648648646,0.02010328698203081
280,-1.5761488245746695,2802.874774774775,0.02003094141820664
281,-1.5761814749631713,2812.8846846846845,0.01995911783302114
282,-1.5762140640970081,2822.8945945945943,0.01988781057593893
283,-1.5762465927825804,2832.9045045045045,0.01981701407804583
284,-1.5762790618121125,2842.9144144144143,0.019746722850574133
285,-1.5763114719640898,2852.924324324324,0.019676931483459795
286,-1.576343824003444,2862.934234234234,0.019607634643930626
287,-1.5763761186819016,2872.944144144144,0.019538827075125137
288,-1.57640835673827,2882.954054054054,0.0194705035947408
289,-1.5764405388987035,2892.9639639639636,0.019402659093711448
290,-1.5764726658769932,2902.973873873874,0.01933528853491259
291,-1.5765047383748099,2912.9837837837836,0.01926838695189447
292,-1.5765367570819497,2922.9936936936933,0.019201949447641666
293,-1.5765687226766125,2933.0036036036036,0.01913597119335896
294,-1.5766006358256444,2943.0135135135133,0.019070447427282772
295,-1.5766324971847572,2953.023423423423,0.019005373453517303
296,-1.5766643073987596,2963.0333333333333,0.018940744640894923
297,-1.5766960671018146,2973.043243243243,0.018876556421860518
298,-1.576727776917642,2983.053153153153,0.018812804291378566
299,-1.5767594374597118,2993.063063063063,0.018749483805862922
300,-1.5767910493314952,3003.072972972973,0.018686590582128626
301,-1.5768226131266079,3013.0828828828826,0.018624120296365072
302,-1.576854129429125,3023.092792792793,0.018562068683130394
303,-1.5768855988136214,3033.1027027027026,0.018500431534365785
304,-1.576917021845502,3043.1126126126123,0.018439204698430398
305,-1.5769483990810966,3053.1225225225226,0.018378384079155298
306,-1.576979731067876,3063.1324324324323,0.01831796563491668
307,-1.577011018344639,3073.142342342342,0.01825794537772755
308,-1.5770422614416437,3083.152252252252,0.018198319372347678
309,-1.5770734608808448,3093.162162162162,0.01813908373541118
310,-1.5771046171759646,3103.172072072072,0.018080234634571476
311,-1.5771357308327756,3113.1819819819816,0.01802176828766317
312,-1.5771668023491185,3123.191891891892,0.017963680961880436
313,-1.577197832215172,3133.2018018018016,0.017905968972971514
314,-1.5772288209135283,3143.2117117117114,0.017848628684449055
315,-1.577259768919378,3153.2216216216216,0.017791656506815863
316,-1.5772906767006518,3163.2315315315313,0.017735048896805702
317,-1.5773215447181237,3173.241441441441,0.01767880235663875
318,-1.5773523734256154,3183.2513513513513,0.017622913433291622
319,-1.5773831632700344,3193.261261261261,0.01756737871778115
320,-1.5774139146915813,3203.271171171171,0.017512194844462335
321,-1.5774446281238894,3213.281081081081,0.0174573584903394
322,-1.5774753039940637,3223.290990990991,0.017402866374390077
323,-1.5775059427228542,3233.3009009009006,0.01734871525690275
324,-1.5775365447248098,3243.310810810811,0.01729490193882627
325,-1.5775671104083264,3253.3207207207206,0.017241423261131875
326,-1.5775976401757987,3263.3306306306304,0.017188276104187192
327,-1.5776281344237166,3273.34054054054,0.017135457387142075
328,-1.5776585935427907,3283.3504504504504,0.01708296406732582
329,-1.5776890179180614,3293.36036036036,0.01703079313965571
330,-1.577719407928951,3303.37027027027,0.016978941636056392
331,-1.5777497639494504,3313.38018018018,0.01692740662489035
332,-1.5777800863481455,3323.39009009009,0.01687618521039849
333,-1.5778103754883326,3333.3999999999996,0.016825274532151314
334,-1.5778406317281497,3343.40990990991,0.016774671764510127
335,-1.5778708554206327,3353.4198198198196,0.016724374116097947
336,-1.5779010469138004,3363.4297297297294,0.016674378829280304
337,-1.577931206550793,3373.4396396396396,0.01662468317965527
338,-1.577961334669878,3383.4495495495494,0.016575284475552884
339,-1.5779914316046197,3393.459459459459,0.016526180057543572
340,-1.578021497683933,3403.4693693693694,0.016477367297955434
341,-1.5780515332321168,3413.479279279279,0.016428843600400096
342,-1.578081538569024,3423.489189189189,0.016380606399307312
343,-1.578111514010051,3433.499099099099,0.01633265315946761
344,-1.5781414598662928,3443.509009009009,0.016284981375583235
345,-1.5781713764445386,3453.5189189189186,0.016237588571826986
346,-1.5782012640474263,3463.5288288288284,0.016190472301408944
347,-1.5782311229734496,3473.5387387387386,0.016143630146150754
348,-1.5782609535170706,3483.5486486486484,0.01609705971606744
349,-1.5782907559687673,3493.558558558558,0.016050758648956564
350,-1.5783205306151016,3503.5684684684684,0.01600472460999454
351,-1.5783502777388134,3513.578378378378,0.01595895529134001
352,-1.5783799976188193,3523.588288288288,0.01591344841174408
353,-1.5784096905303702,3533.598198198198,0.015868201716167398
354,-1.5784393567450297,3543.608108108108,0.015823212975403695
355,-1.578468996530783,3553.6180180180177,0.015778479985709994
356,-1.5784986101520786,3563.627927927928,0.01573400056844299
357,-1.5785281978699082,3573.6378378378377,0.015689772569701835
358,-1.5785577599418088,3583.6477477477474,0.01564579385997693
359,-1.578587296622003,3593.6576576576576,0.015602062333804631
360,-1.5786168081613627,3603.6675675675674,0.015558575909427969
361,-1.5786462948075688,3613.677477477477,0.015515332528463047
362,-1.578675756805055,3623.6873873873874,0.015472330155571022
363,-1.5787051943951262,3633.697297297297,0.015429566778135648
364,-1.5787346078159994,3643.707207207207,0.01538704040594627
365,-1.5787639973028489,3653.7171171171167,0.0153447490708861
366,-1.578793363087833,3663.727027027027,0.015302690826625583
367,-1.5788227054001907,3673.7369369369367,0.015260863748321193
368,-1.578852024466251,3683.7468468468464,0.015219265932318687
369,-1.5788813205094823,3693.7567567567567,0.015177895495861939
370,-1.5789105937505632,3703.7666666666664,0.015136750576805948
371,-1.5789398444073781,3713.776576576576,0.015095829333335007
372,-1.5789690726951522,3723.7864864864864,0.015055129943685302
373,-1.5789982788263617,3733.796396396396,0.015014650605872083
374,-1.5790274630108894,3743.806306306306,0.014974389537421308
375,-1.5790566254560316,3753.816216216216,0.014934344975105682
376,-1.5790857663664986,3763.826126126126,0.014894515174684835
377,-1.5791148859445159,3773.8360360360357,0.014854898410649976
378,-1.5791439843898425,3783.845945945946,0.0148154929759724
379,-1.5791730618997677,3793.8558558558557,0.014776297181856133
380,-1.5792021186692053,3803.8657657657654,0.01473730935749466
381,-1.579231154890712,3813.8756756756757,0.014698527849831413
382,-1.5792601707545055,3823.8855855855854,0.014659951023324088
383,-1.5792891664485273,3833.895495495495,0.014621577259712816
384,-1.5793181421584481,3843.9054054054054,0.014583404957791951
385,-1.5793470980677362,3853.915315315315,0.01454543253318543
386,-1.5793760343576702,3863.925225225225,0.014507658418125808
387,-1.5794049512073556,3873.9351351351347,0.014470081061236548
388,-1.5794338487938038,3883.945045045045,0.014432698927318088
389,-1.579462727291921,3893.9549549549547,0.014395510497136903
390,-1.579491586874547,3903.9648648648645,0.014358514267218044
391,-1.579520427712526,3913.9747747747747,0.014321708749640932
392,-1.5795492499746728,3923.9846846846845,0.01428509247183822
393,-1.5795780538278439,3933.994594594594,0.014248663976397822
394,-1.5796068394369691,3944.0045045045044,0.014212421820868092
395,-1.5796356069650443,3954.014414414414,0.014176364577565846
396,-1.5796643565732043,3964.024324324324,0.014140490833387458
397,-1.5796930884207068,3974.034234234234,0.014104799189622833
398,-1.5797218026650215,3984.044144144144,0.014069288261772214
399,-1.579750499461779,3994.0540540540537,0.014033956679365694
400,-1.5797791789648448,4004.063963963964,0.013998803085785693
401,-1.5798078413263432,4014.0738738738737,0.013963826138091969
402,-1.5798364866966639,4024.0837837837835,0.01392902450684924
403,-1.5798651152245127,4034.0936936936937,0.013894396875957608
404,-1.5798937270569045,4044.1036036036035,0.013859941942485332
405,-1.5799223223392145,4054.113513513513,0.01382565841650419
406,-1.5799509012151771,4064.123423423423,0.013791545020927427
407,-1.579979463826948,4074.133333333333,0.013757600491349935
408,-1.5800080103150644,4084.143243243243,0.013723823575890878
409,-1.5800365408185255,4094.1531531531527,0.013690213035038765
410,-1.580065055474808,4104.163063063063,0.013656767641498735
411,-1.580093554419843,4114.172972972973,0.013623486180042041
412,-1.5801220377880882,4124.182882882883,0.01359036744735788
413,-1.580150505712514,4134.192792792793,0.013557410251907374
414,-1.5801789583246568,4144.2027027027025,0.013524613413779621
415,-1.5802073957545903,4154.212612612613,0.01349197576454995
416,-1.5802358181310032,4164.222522522523,0.01345949614714022
417,-1.5802642255811679,4174.232432432433,0.013427173415681108
418,-1.5802926182310089,4184.242342342342,0.0133950064353765
419,-1.5803209962050817,4194.252252252252,0.013362994082369734
420,-1.5803493596265847,4204.262162162162,0.013331135243611887
421,-1.5803777086174267,4214.272072072073,0.013299428816731889
422,-1.5804060432982132,4224.281981981982,0.01326787370990853
423,-1.5804343637882468,4234.291891891892,0.013236468841744375
424,-1.5804626702055768,4244.301801801802,0.013205213141141321
425,-1.5804909626670158,4254.311711711712,0.013174105547178126
426,-1.5805192412881113,4264.3216216216215,0.013143145008989601
427,-1.580547506183229,4274.331531531532,0.013112330485647415
428,-1.5805757574655275,4284.341441441442,0.013081660946042916
429,-1.580603995246965,4294.351351351352,0.013051135368771088
430,-1.5806322196383442,4304.3612612612615,0.013020752742016752
431,-1.580660430749335,4314.371171171171,0.012990512063441876
432,-1.5806886286884334,4324.381081081081,0.012960412340074784
433,-1.580716813563029,4334.390990990992,0.012930452588200702
434,-1.5807449854794127,4344.400900900901,0.012900631833254118
435,-1.5807731445428057,4354.410810810811,0.012870949109712213
436,-1.5808012908572822,4364.420720720721,0.012841403460990287
437,-1.5808294245259191,4374.430630630631,0.0128119939393382
438,-1.580857545650707,4384.4405405405405,0.012782719605738548
439,-1.5808856543326109,4394.45045045045,0.012753579529806065
440,-1.5809137506715827,4404.460360360361,0.012724572789688512
441,-1.5809418347665465,4414.470270270271,0.012695698471968912
442,-1.5809699067154475,4424.4801801801805,0.012666955671569093
443,-1.5809979666152245,4434.49009009009,0.01263834349165459
444,-1.5810260145618689,4444.5,0.012609861043540853
445,-1.5810540506503872,4454.50990990991,0.012581507446600727
446,-1.5810820749748713,4464.51981981982,0.01255328182817311
447,-1.5811100876284547,4474.52972972973,0.012525183323473054
448,-1.5811380887033482,4484.53963963964,0.01249721107550281
449,-1.5811660782908652,4494.54954954955,0.012469364234964314
450,-1.5811940564814144,4504.5594594594595,0.012441641960172821
451,-1.5812220233645051,4514.569369369369,0.012414043416971426
452,-1.5812499790287757,4524.57927927928,0.012386567778647243
453,-1.5812779235620102,4534.58918918919,0.012359214225848158
454,-1.5813058570511231,4544.5990990990995,0.01233198194650105
455,-1.5813337795821971,4554.609009009009,0.012304870135731139
456,-1.5813616912404542,4564.618918918919,0.012277877995781963
457,-1.5813895921103234,4574.628828828829,0.012251004735937062
458,-1.5814174822754012,4584.6387387387385,0.01222424957244213
459,-1.5814453618184914,4594.648648648649,0.01219761172842854
460,-1.5814732308215962,4604.658558558559,0.012171090433837723
461,-1.5815010893659351,4614.668468468469,0.012144684925346661
462,-1.5815289375319506,4624.6783783783785,0.012118394446294221
463,-1.5815567753993276,4634.688288288288,0.012092218246608489
464,-1.5815846030469893,4644.698198198198,0.01206615558273518
465,-1.581612420553119,4654.708108108109,0.012040205717566805
466,-1.5816402279951622,4664.7180180180185,0.012014367920372956
467,-1.5816680254498034,4674.727927927928,0.011988641466731205
468,-1.5816958129930707,4684.737837837838,0.011963025638459232
469,-1.5817235907002167,4694.747747747748,0.011937519723547606
470,-1.5817513586458432,4704.757657657658,0.01191212301609355
471,-1.5817791169038153,4714.767567567568,0.011886834816235415
472,-1.5818068655473343,4724.777477477478,0.011861654430088209
473,-1.5818346046489367,4734.787387387388,0.011836581169679785
474,-1.5818623342804508,4744.7972972972975,0.011811614352887858
475,-1.581890054513081,4754.807207207207,0.011786753303377969
476,-1.5819177654173597,4764.817117117117,0.011761997350542005
477,-1.5819454670631627,4774.827027027027,0.011737345829437737
478,-1.581973159519752,4784.8369369369375,0.011712798080728974
479,-1.5820008428557444,4794.846846846847,0.011688353450626509
480,-1.5820285171391284,4804.856756756757,0.011664011290829867
481,-1.5820561824372816,4814.866666666667,0.011639770958469688
482,-1.582083838816977,4824.876576576577,0.0116156318160509
483,-1.5821114863443764,4834.886486486486,0.011591593231396677
484,-1.5821391250850592,4844.896396396397,0.011567654577592826
485,-1.582166755103991,4854.906306306307,0.011543815232933283
486,-1.5821943764655864,4864.9162162162165,0.011520074580865918
487,-1.5822219892336629,4874.926126126126,0.011496432009939193
488,-1.582249593471477,4884.936036036036,0.011472886913749463
489,-1.5822771892417309,4894.945945945946,0.01144943869088892
490,-1.5823047766065492,4904.9558558558565,0.011426086744894152
491,-1.5823323556275433,4914.965765765766,0.011402830484195397
492,-1.582359926365738,4924.975675675676,0.011379669322066396
493,-1.5823874888816623,4934.985585585586,0.011356602676574762
494,-1.5824150432352841,4944.995495495496,0.011333629970533169
495,-1.5824425894860588,4955.005405405405,0.011310750631450959
496,-1.5824701276929283,4965.015315315315,0.011287964091486424
497,-1.582497657914309,4975.025225225226,0.011265269787399591
498,-1.5825251802081242,4985.0351351351355,0.01124266716050572
499,-1.5825526946317774,4995.045045045045,0.011220155656629215
500,-1.5825802012421935,5005.054954954955,0.011197734726058227
501,-1.5826077000958103,5015.064864864865,0.01117540382349963
502,-1.5826351912485566,5025.074774774775,0.0111531624080348
503,-1.5826626747558932,5035.084684684685,0.011131009943075663
504,-1.5826901506728206,5045.094594594595,0.011108945896321429
505,-1.5827176190538486,5055.104504504505,0.01108696973971578
506,-1.582745079953041,5065.114414414415,0.011065080949404624
507,-1.58277253342399,5075.124324324324,0.011043279005694307
508,-1.5827999795198375,5085.134234234234,0.011021563393010305
509,-1.5828274182932753,5095.144144144145,0.010999933599856513
510,-1.5828548497965682,5105.1540540540545,0.01097838911877488
511,-1.5828822740815045,5115.163963963964,0.010956929446305599
512,-1.5829096911994742,5125.173873873874,0.010935554082947782
513,-1.5829371012014353,5135.183783783784,0.010914262533120547
514,-1.582964504137881,5145.193693693694,0.010893054305124604
515,-1.5829919000589328,5155.203603603603,0.010871928911104252
516,-1.5830192890142765,5165.213513513514,0.010850885867009878
517,-1.583046671053174,5175.223423423424,0.010829924692560862
518,-1.5830740462245012,5185.233333333334,0.010809044911208923
519,-1.583101414576724,5195.243243243243,0.010788246050101834
520,-1.583128776157899,5205.253153153153,0.010767527640047667
521,-1.5831561310157072,5215.263063063063,0.010746889215479397
522,-1.5831834791974277,5225.272972972974,0.010726330314419932
523,-1.5832108207499413,5235.282882882883,0.010705850478447465
524,-1.5832381557197766,5245.292792792793,0.010685449252661355
525,-1.5832654841530769,5255.302702702703,0.010665126185648344
526,-1.583292806095588,5265.312612612613,0.010644880829449139
527,-1.5833201215927046,5275.322522522522,0.010624712739525378
528,-1.5833474306894602,5285.332432432433,0.010604621474727094
529,-1.5833747334305122,5295.342342342343,0.010584606597260316
530,-1.5834020298601688,5305.352252252253,0.01056466767265528
531,-1.583429320022382,5315.362162162162,0.010544804269734828
532,-1.5834566039607496,5325.372072072072,0.010525015960583351
533,-1.5834838817185177,5335.381981981982,0.010505302320515827
534,-1.5835111533386106,5345.391891891892,0.010485662928047456
535,-1.5835384188635844,5355.401801801802,0.010466097364863479
536,-1.58356567833568,5365.411711711712,0.010446605215789453
537,-1.5835929317967812,5375.421621621622,0.010427186068761751
538,-1.5836201792884672,5385.431531531532,0.010407839514798489
539,-1.5836474208519797,5395.441441441441,0.010388565147970673
540,-1.5836746565282331,5405.451351351351,0.010369362565373828
541,-1.583701886357835,5415.461261261262,0.010350231367099743
542,-1.583729110381056,5425.471171171172,0.010331171156208728
543,-1.583756328637872,5435.481081081081,0.010312181538702034
544,-1.5837835411679364,5445.490990990991,0.010293262123494646
545,-1.5838107480106072,5455.500900900901,0.01027441252238839
546,-1.5838379492049357,5465.510810810811,0.010255632350045282
547,-1.5838651447896506,5475.520720720721,0.010236921223961228
548,-1.5838923348032192,5485.530630630631,0.010218278764439976
549,-1.5839195192837907,5495.540540540541,0.010199704594567404
550,-1.5839466982692192,5505.550450450451,0.010181198340185974
551,-1.5839738717970835,5515.56036036036,0.010162759629869669
552,-1.5840010399046702,5525.57027027027,0.010144388094898963
553,-1.5840282026289827,5535.58018018018,0.010126083369236255
554,-1.5840553600067346,5545.590090090091,0.010107845089501528
555,-1.584082512074391,5555.6,0.01008967289494817
556,-1.5841096588681,5565.60990990991,0.010071566427439184
557,-1.5841368004237693,5575.61981981982,0.010053525331423594
558,-1.5841639367770217,5585.62972972973,0.01003554925391314
559,-1.5841910679632256,5595.639639639639,0.010017637844459158
560,-1.5842181940174733,5605.64954954955,0.009999790755129821
561,-1.5842453149745899,5615.65945945946,0.009982007640487527
562,-1.5842724308691654,5625.66936936937,0.009964288157566527
563,-1.5842995417355057,5635.679279279279,0.009946631965850909
564,-1.5843266476076925,5645.689189189189,0.009929038727252718
565,-1.5843537485195112,5655.699099099099,0.009911508106090223
566,-1.5843808445045509,5665.70900900901,0.009894039769066719
567,-1.5844079355961147,5675.718918918919,0.009876633385249222
568,-1.5844350218272678,5685.728828828829,0.00985928862604752
569,-1.5844621032308515,5695.738738738739,0.00984200516519355
570,-1.5844891798394516,5705.748648648649,0.009824782678720868
571,-1.5845162516854228,5715.758558558558,0.009807620844944314
572,-1.5845433188008748,5725.768468468468,0.009790519344439972
573,-1.5845703812176952,5735.778378378379,0.009773477860025366
574,-1.5845974389675386,5745.788288288289,0.009756496076739755
575,-1.5846244920818136,5755.798198198198,0.009739573681824694
576,-1.5846515405917325,5765.808108108108,0.009722710364704852
577,-1.5846785845282707,5775.818018018018,0.009705905816968946
578,-1.5847056239221724,5785.827927927928,0.009689159732350842
579,-1.584732658803967,5795.837837837838,0.009672471806711056
580,-1.5847596892039635,5805.847747747748,0.009655841738018188
581,-1.5847867151522668,5815.857657657658,0.00963926922633076
582,-1.5848137366787551,5825.867567567568,0.009622753973779019
583,-1.5848407538130982,5835.877477477477,0.009606295684547243
584,-1.5848677665847528,5845.887387387387,0.009589894064855902
585,-1.5848947750229818,5855.897297297298,0.009573548822944257
586,-1.5849217791568202,5865.907207207208,0.009557259669052905
587,-1.5849487790151116,5875.917117117117,0.009541026315406778
588,-1.5849757746265036,5885.927027027027,0.009524848476198073
589,-1.5850027660194244,5895.936936936937,0.009508725867569446
590,-1.5850297532221196,5905.946846846847,0.009492658207597487
591,-1.585056736262638,5915.9567567567565,0.009476645216276128
592,-1.585083715168811,5925.966666666667,0.009460686615500445
593,-1.5851106899683154,5935.976576576577,0.009444782129050538
594,-1.5851376606886063,5945.986486486487,0.009428931482575502
595,-1.5851646273569513,5955.996396396396,0.00941313440357769
596,-1.5851915900004399,5966.006306306306,0.009397390621397031
597,-1.5852185486459789,5976.016216216216,0.009381699867195649
598,-1.5852455033202741,5986.026126126127,0.009366061873942394
599,-1.5852724540498662,5996.036036036036,0.00935047637639781
600,-1.585299400861104,6006.045945945946,0.00933494311109902
601,-1.5853263437801572,6016.055855855856,0.009319461816344897
602,-1.585353282833023,6026.065765765766,0.009304032232181403
603,-1.5853802180455128,6036.0756756756755,0.009288654100386937
604,-1.585407149443274,6046.085585585586,0.009273327164457949
605,-1.5854340770517787,6056.095495495496,0.009258051169594663
606,-1.585461000896314,6066.105405405406,0.00924282586268695
607,-1.5854879210020199,6076.1153153153155,0.00922765099230032
608,-1.585514837393849,6086.125225225225,0.009212526308662055
609,-1.585541750096595,6096.135135135135,0.009197451563647504
610,-1.5855686591348876,6106.145045045046,0.009182426510766546
611,-1.5855955645331818,6116.154954954955,0.009167450905150032
612,-1.585622466315779,6126.164864864865,0.009152524503536543
613,-1.5856493645068108,6136.174774774775,0.009137647064259236
614,-1.5856762591302738,6146.184684684685,0.009122818347232713
615,-1.5857031502099719,6156.1945945945945,0.009108038113940127
616,-1.585730037769579,6166.204504504504,0.009093306127420384
617,-1.5857569218325802,6176.214414414415,0.009078622152255477
618,-1.585783802422364,6186.224324324325,0.009063985954557924
619,-1.5858106795620956,6196.2342342342345,0.009049397301958343
620,-1.5858375532748432,6206.244144144144,0.009034855963593106
621,-1.5858644235834978,6216.254054054054,0.009020361710092229
622,-1.5858912905108162,6226.263963963964,0.009005914313567261
623,-1.585918154079384,6236.273873873874,0.008991513547599245
624,-1.58594501431167,6246.283783783784,0.008977159187227081
625,-1.5859718712299762,6256.293693693694,0.008962851008935617
626,-1.585998724856471,6266.303603603604,0.008948588790644123
627,-1.5860255752131753,6276.3135135135135,0.008934372311694772
628,-1.586052422321975,6286.323423423423,0.008920201352841302
629,-1.5860792662046064,6296.333333333334,0.008906075696237616
630,-1.5861061068826758,6306.343243243244,0.008891995125426768
631,-1.5861329443776426,6316.3531531531535,0.008877959425329755
632,-1.586159778710836,6326.363063063063,0.008863968382234666
633,-1.5861866099034538,6336.372972972973,0.00885002178378581
634,-1.5862134379765476,6346.382882882883,0.00883611941897288
635,-1.586240262951043,6356.3927927927925,0.008822261078120456
636,-1.5862670848477387,6366.402702702703,0.008808446552877266
637,-1.5862939036872825,6376.412612612613,0.008794675636205944
638,-1.5863207194902136,6386.422522522523,0.008780948122372527
639,-1.5863475322769458,6396.4324324324325,0.008767263806936284
640,-1.5863743420677332,6406.442342342342,0.008753622486739523
641,-1.5864011488827396,6416.452252252252,0.008740023959897588
642,-1.5864279527419833,6426.462162162163,0.008726468025788808
643,-1.5864547536653608,6436.4720720720725,0.008712954485044699
644,-1.5864815516726531,6446.481981981982,0.008699483139540177
645,-1.5865083467835073,6456.491891891892,0.008686053792383847
646,-1.5865351390174551,6466.501801801802,0.008672666247908406
647,-1.5865619283939105,6476.5117117117115,0.008659320311661185
648,-1.5865887149321625,6486.521621621622,0.008646015790394677
649,-1.5866154986513858,6496.531531531532,0.008632752492057215
650,-1.5866422795706352,6506.541441441442,0.008619530225783755
651,-1.5866690577088438,6516.5513513513515,0.00860634880188672
652,-1.5866958330848464,6526.561261261261,0.008593208031846883
653,-1.5867226057173445,6536.571171171171,0.008580107728304432
654,-1.5867493756249316,6546.581081081081,0.00856704770504999
655,-1.5867761428260938,6556.5909909909915,0.008554027777015936
656,-1.5868029073392098,6566.600900900901,0.008541047760267458
657,-1.5868296691825268,6576.610810810811,0.00852810747199406
658,-1.5868564283742026,6586.620720720721,0.008515206730500902
659,-1.5868831849322727,6596.630630630631,0.008502345355200313
660,-1.586909938874671,6606.64054054054,0.008489523166603336
661,-1.5869366902192354,6616.650450450451,0.008476739986311477
662,-1.5869634389836664,6626.660360360361,0.00846399563700824
663,-1.586990185185592,6636.6702702702705,0.008451289942451137
664,-1.58701692884251,6646.68018018018,0.008438622727463468
665,-1.5870436699718342,6656.69009009009,0.008425993817926214
666,-1.5870704085908633,6666.7,0.008413403040770179
667,-1.5870971447167947,6676.7099099099105,0.008400850223968014
668,-1.5871238783667325,6686.71981981982,0.008388335196526379
669,-1.5871506095576733,6696.72972972973,0.008375857788478196
670,-1.5871773383065106,6706.73963963964,0.008363417830874976
671,-1.5872040646300436,6716.74954954955,0.008351015155779143
672,-1.5872307885449823,6726.759459459459,0.008338649596256539
673,-1.5872575100679216,6736.769369369369,0.008326320986368907
674,-1.5872842292153753,6746.77927927928,0.008314029161166431
675,-1.587310946003741,6756.7891891891895,0.008301773956680438
676,-1.5873376604493512,6766.799099099099,0.008289555209916125
677,-1.5873643725684181,6776.809009009009,0.00827737275884526
678,-1.587391082377074,6786.818918918919,0.00826522644239905
679,-1.5874177898913515,6796.828828828829,0.00825311610046109
680,-1.5874444951271973,6806.838738738739,0.008241041573860295
681,-1.5874711981004583,6816.848648648649,0.008229002704363894
682,-1.5874978988268975,6826.858558558559,0.008216999334670586
683,-1.5875245973221885,6836.868468468469,0.008205031308403657
684,-1.5875512936019092,6846.878378378378,0.008193098470104182
685,-1.587577987681551,6856.888288288288,0.008181200665224339
686,-1.5876046795765248,6866.898198198199,0.008169337740120682
687,-1.5876313693021455,6876.9081081081085,0.008157509542047565
688,-1.587658056873649,6886.918018018018,0.008145715919150592
689,-1.5876847423061686,6896.927927927928,0.008133956720460129
690,-1.5877114256147784,6906.937837837838,0.008122231795884808
691,-1.587738106814448,6916.947747747748,0.008110540996205215
692,-1.5877647859200692,6926.957657657657,0.008098884173067531
693,-1.5877914629464558,6936.967567567568,0.008087261178977278
694,-1.5878181379083267,6946.977477477478,0.008075671867293056
695,-1.5878448108203302,6956.987387387388,0.00806411609222042
696,-1.5878714816970259,6966.997297297297,0.008052593708805778
697,-1.587898150552897,6977.007207207207,0.008041104572930302
698,-1.587924817402351,6987.017117117117,0.008029648541303964
699,-1.5879514822596998,6997.0270270270275,0.0080182254714595
700,-1.587978145139196,7007.036936936937,0.008006835221746618
701,-1.5880048060550054,7017.046846846847,0.007995477651326077
702,-1.5880314650212106,7027.056756756757,0.007984152620163915
703,-1.5880581220518184,7037.066666666667,0.00797285998902566
704,-1.588084777160771,7047.076576576576,0.00796159961947067
705,-1.5881114303619246,7057.086486486487,0.007950371373846465
706,-1.588138081669061,7067.096396396397,0.007939175115283149
707,-1.5881647310958809,7077.106306306307,0.007928010707687765
708,-1.588191378656033,7087.116216216216,0.0079168780157389
709,-1.5882180243630588,7097.126126126126,0.007905776904881145
710,-1.5882446682304663,7107.136036036036,0.007894707241319722
711,-1.5882713102716461,7117.145945945946,0.007883668892015064
712,-1.5882979504999597,7127.155855855856,0.007872661724677533
713,-1.5883245889286697,7137.165765765766,0.007861685607762143
714,-1.588351225570973,7147.175675675676,0.007850740410463308
715,-1.588377860440007,7157.185585585586,0.007839826002709617
716,-1.5884044935488222,7167.195495495495,0.007828942255158757
717,-1.588431124910412,7177.205405405405,0.00781808903919236
718,-1.5884577545376974,7187.215315315316,0.00780726622691095
719,-1.588484382443535,7197.225225225226,0.007796473691128957
720,-1.5885110086407,7207.235135135135,0.007785711305369649
721,-1.5885376331419183,7217.245045045045,0.00777497894386032
722,-1.588564255959837,7227.254954954955,0.007764276481527324
723,-1.5885908771070374,7237.264864864865,0.007753603793991205
724,-1.5886174965960433,7247.274774774775,0.00774296075756194
725,-1.5886441144393089,7257.284684684685,0.007732347249234114
726,-1.588670730649209,7267.294594594595,0.0077217631466822536
727,-1.588697345238079,7277.304504504505,0.0077112083282560055
728,-1.588723958218177,7287.314414414414,0.007700682672975662
729,-1.588750569601695,7297.324324324324,0.007690186060527407
730,-1.5887771794007686,7307.334234234234,0.00767971837125875
731,-1.5888037876274639,7317.344144144145,0.007669279486174071
732,-1.5888303942937936,7327.354054054054,0.007658869286930004
733,-1.588856999411697,7337.363963963964,0.007648487655831063
734,-1.5888836029930669,7347.373873873874,0.007638134475825173
735,-1.5889102050497252,7357.383783783784,0.0076278096304992415
736,-1.5889368055934352,7367.393693693693,0.007617513004074896
737,-1.588963404635895,7377.403603603604,0.007607244481404038
738,-1.5889900021887573,7387.413513513514,0.007597003947964701
739,-1.5890165982636029,7397.423423423424,0.007586791289856663
740,-1.5890431928719593,7407.433333333333,0.007576606393797299
741,-1.5890697860252903,7417.443243243243,0.00756644914711739
742,-1.5890963777350142,7427.453153153153,0.007556319437756984
743,-1.589122968012475,7437.463063063064,0.007546217154261245
744,-1.5891495568689809,7447.472972972973,0.007536142185776425
745,-1.589176144315761,7457.482882882883,0.007526094422045754
746,-1.5892027303640008,7467.492792792793,0.007516073753405452
747,-1.5892293150248282,7477.502702702703,0.007506080070780773
748,-1.5892558983093112,7487.512612612612,0.007496113265682019
749,-1.589282480228477,7497.522522522522,0.007486173230200634
750,-1.589309060793276,7507.532432432433,0.007476259857005292
751,-1.5893356400146181,7517.542342342343,0.007466373039338081
752,-1.5893622179033657,7527.552252252252,0.007456512671010636
753,-1.5893887944703156,7537.562162162162,0.0074466786464003724
754,-1.5894153697262137,7547.572072072072,0.007436870860446721
755,-1.5894419436817502,7557.581981981982,0.007427089208647366
756,-1.589468516347577,7567.591891891892,0.007417333587054562
757,-1.58949508773428,7577.601801801802,0.007407603892271445
758,-1.5895216578523919,7587.611711711712,0.0073979000214484236
759,-1.5895482267124097,7597.621621621622,0.0073882218722794695
760,-1.589574794324766,7607.631531531531,0.007378569342998673
761,-1.5896013606998458,7617.641441441441,0.007368942332376528
762,-1.5896279258479844,7627.651351351352,0.007359340739716497
763,-1.5896544897794722,7637.661261261262,0.007349764464851484
764,-1.5896810525045388,7647.671171171171,0.007340213408140341
765,-1.589707614033373,7657.681081081081,0.007330687470464454
766,-1.5897341743761186,7667.690990990991,0.007321186553224267
767,-1.5897607335428592,7677.700900900901,0.007311710558335942
768,-1.589787291543636,7687.710810810811,0.007302259388227944
769,-1.5898138483884445,7697.720720720721,0.0072928329458377275
770,-1.589840404087233,7707.730630630631,0.007283431134608433
771,-1.5898669586499,7717.740540540541,0.00727405385848554
772,-1.5898935120862945,7727.75045045045,0.007264701021913654
773,-1.5899200644062186,7737.76036036036,0.007255372529833268
774,-1.5899466156194413,7747.77027027027,0.007246068287677495
775,-1.5899731657356704,7757.780180180181,0.007236788201368953
776,-1.5899997147645777,7767.79009009009,0.007227532177316507
777,-1.5900262627157769,7777.8,0.007218300122412253
778,-1.5900528095988544,7787.80990990991,0.007209091944028291
779,-1.5900793554233321,7797.81981981982,0.0071999075500136815
780,-1.5901059001987108,7807.8297297297295,0.007190746848691393
781,-1.5901324439344278,7817.83963963964,0.007181609748855212
782,-1.5901589866398826,7827.84954954955,0.00717249615976675
783,-1.5901855283244386,7837.85945945946,0.007163405991152474
784,-1.5902120689973984,7847.869369369369,0.007154339153200664
785,-1.5902386086680462,7857.879279279279,0.0071452955565585235
786,-1.590265147345603,7867.889189189189,0.0071362751123292345
787,-1.590291685039254,7877.8990990991,0.007127277732069021
788,-1.5903182217581413,7887.909009009009,0.007118303327784293
789,-1.5903447575113698,7897.918918918919,0.007109351811928804
790,-1.590371292308,7907.928828828829,0.0071004230974007375
791,-1.590397826157054,7917.938738738739,0.007091517097540001
792,-1.5904243590675022,7927.9486486486485,0.007082633726125306
793,-1.590450891048288,7937.958558558558,0.007073772897371484
794,-1.5904774221083107,7947.968468468469,0.007064934525926688
795,-1.590503952256421,7957.978378378379,0.007056118526869662
796,-1.5905304815014343,7967.9882882882885,0.007047324815707037
797,-1.5905570098521398,7977.998198198198,0.007038553308370653
798,-1.5905835373172648,7988.008108108108,0.007029803921214833
799,-1.59061006390552,7998.018018018018,0.007021076571013796
800,-1.5906365896255477,8008.027927927928,0.007012371174958988
801,-1.5906631144859829,8018.037837837838,0.0070036876506564625
802,-1.5906896384954095,8028.047747747748,0.006995025916124315
803,-1.5907161616623646,8038.057657657658,0.006986385889790079
804,-1.5907426839953624,8048.0675675675675,0.006977767490488222
805,-1.5907692055028673,8058.077477477477,0.006969170637457523
806,-1.5907957261933146,8068.087387387388,0.006960595250338651
807,-1.5908222460751011,8078.097297297298,0.006952041249171607
808,-1.5908487651565848,8088.1072072072075,0.006943508554393294
809,-1.5908752834460842,8098.117117117117,0.006934997086834949
810,-1.5909018009518905,8108.127027027027,0.006926506767719869
811,-1.5909283176822433,8118.136936936937,0.006918037518660839
812,-1.5909548336453707,8128.1468468468465,0.00690958926165783
813,-1.5909813488494378,8138.156756756757,0.006901161919095482
814,-1.5910078633025944,8148.166666666667,0.006892755413740905
815,-1.5910343770129403,8158.176576576577,0.006884369668741189
816,-1.5910608899885499,8168.1864864864865,0.0068760046076211095
817,-1.5910874022374697,8178.196396396396,0.00686766015428085
818,-1.591113913767691,8188.206306306306,0.006859336232993622
819,-1.5911404245871863,8198.216216216217,0.006851032768403457
820,-1.5911669347038948,8208.226126126126,0.006842749685522888
821,-1.5911934441257072,8218.236036036036,0.00683448690973072
822,-1.591219952860495,8228.245945945946,0.006826244366769803
823,-1.591246460916098,8238.255855855856,0.006818021982744799
824,-1.591272968300302,8248.265765765766,0.006809819684119947
825,-1.5912994750208889,8258.275675675675,0.0068016373977169715
826,-1.5913259810855827,8268.285585585585,0.006793475050712809
827,-1.5913524865020923,8278.295495495495,0.006785332570637515
828,-1.5913789912780805,8288.305405405405,0.006777209885372097
829,-1.591405495421183,8298.315315315316,0.006769106923146454
830,-1.591431998939013,8308.325225225226,0.0067610236125371335
831,-1.5914585018391427,8318.335135135136,0.006752959882465407
832,-1.5914850041291049,8328.345045045045,0.006744915662195059
833,-1.5915115058164238,8338.354954954955,0.006736890881330372
834,-1.5915380069085574,8348.364864864865,0.006728885469814113
835,-1.591564507412975,8358.374774774775,0.006720899357925479
836,-1.5915910073370851,8368.384684684685,0.006712932476278021
837,-1.5916175066882678,8378.394594594594,0.006704984755817748
838,-1.5916440054738896,8388.404504504504,0.0066970561278210244
839,-1.5916705037012735,8398.414414414414,0.0066891465238926836
840,-1.5916970013777145,8408.424324324324,0.006681255875964041
841,-1.5917234985104745,8418.434234234235,0.006673384116290916
842,-1.5917499951067937,8428.444144144145,0.006665531177451752
843,-1.5917764911738834,8438.454054054055,0.006657696992345656
844,-1.5918029867189125,8448.463963963964,0.006649881494190498
845,-1.5918294817490388,8458.473873873874,0.006642084616521059
846,-1.5918559762713695,8468.483783783784,0.00663430629318708
847,-1.591882470293003,8478.493693693694,0.0066265464583514806
848,-1.5919089638210042,8488.503603603604,0.006618805046488451
849,-1.5919354568623951,8498.513513513513,0.0066110819923816235
850,-1.591961949424195,8508.523423423423,0.006603377231122268
851,-1.5919884415133725,8518.533333333333,0.006595690698107445
852,-1.5920149331368745,8528.543243243243,0.006588022329038236
853,-1.5920414243016368,8538.553153153152,0.006580372059917964
854,-1.5920679150145365,8548.563063063064,0.006572739827050357
855,-1.5920944052824544,8558.572972972974,0.006565125567037892
856,-1.5921208951122152,8568.582882882883,0.006557529216779916
857,-1.5921473845106482,8578.592792792793,0.006549950713471027
858,-1.5921738734845212,8588.602702702703,0.006542389994599279
859,-1.5922003620406138,8598.612612612613,0.0065348469979445035
860,-1.592226850185637,8608.622522522523,0.006527321661576563
861,-1.5922533379263115,8618.632432432432,0.006519813923853728
862,-1.5922798252693118,8628.642342342342,0.006512323723420936
863,-1.5923063122212884,8638.652252252252,0.00650485099920816
864,-1.5923327987888711,8648.662162162162,0.006497395690428791
865,-1.592359284978661,8658.672072072071,0.006489957736577877
866,-1.592385770797242,8668.681981981983,0.006482537077430633
867,-1.592412256251156,8678.691891891893,0.006475133653040729
868,-1.5924387413469285,8688.701801801803,0.0064677474037387085
869,-1.5924652260910614,8698.711711711712,0.006460378270130402
870,-1.592491710490034,8708.721621621622,0.0064530261930953224
871,-1.592518194550294,8718.731531531532,0.006445691113785117
872,-1.5925446782782642,8728.741441441442,0.006438372973621939
873,-1.592571161680348,8738.751351351351,0.0064310717142969836
874,-1.5925976447629255,8748.761261261261,0.006423787277768891
875,-1.592624127532342,8758.77117117117,0.006416519606262216
876,-1.5926506099949316,8768.78108108108,0.00640926864226589
877,-1.5926770921569957,8778.79099099099,0.006402034328531795
878,-1.5927035740248192,8788.8009009009,0.0063948166080731285
879,-1.5927300556046522,8798.810810810812,0.0063876154241630356
880,-1.5927565369027337,8808.820720720722,0.006380430720333057
881,-1.592783017925272,8818.830630630631,0.006373262440371693
882,-1.5928094986784476,8828.840540540541,0.0063661105283229135
883,-1.5928359791684323,8838.85045045045,0.006358974928484719
884,-1.5928624594013627,8848.86036036036,0.006351855585407727
885,-1.5928889393833592,8858.87027027027,0.006344752443893708
886,-1.5929154191205146,8868.88018018018,0.006337665448994171
887,-1.5929418986188997,8878.89009009009,0.006330594546008951
888,-1.5929683778845625,8888.9,0.006323539680484832
889,-1.5929948569235364,8898.90990990991,0.006316500798214113
890,-1.5930213357418264,8908.91981981982,0.0063094778452332575
891,-1.5930478143454099,8918.929729729729,0.006302470767821518
892,-1.5930742927402466,8928.93963963964,0.006295479512499547
893,-1.5931007709322873,8938.94954954955,0.006288504026028063
894,-1.5931272489274388,8948.95945945946,0.0062815442554065015
895,-1.5931537267316032,8958.96936936937,0.006274600147871673
896,-1.5931802043506507,8968.97927927928,0.006267671650896448
897,-1.593206681790438,8978.98918918919,0.006260758712188424
898,-1.5932331590567979,8988.9990990991,0.006253861279688601
899,-1.5932596361555385,8999.009009009009,0.00624697930157011
900,-1.5932861130924507,9009.018918918919,0.006240112726236926
901,-1.5933125898733012,9019.028828828828,0.006233261502322535
902,-1.593339066503846,9029.038738738738,0.006226425578688703
903,-1.5933655429898084,9039.048648648648,0.0062196049044242205
904,-1.5933920193368907,9049.05855855856,0.006212799428843569
905,-1.5934184955507924,9059.06846846847,0.006206009101485769
906,-1.5934449716371708,9069.078378378379,0.006199233872113044
907,-1.593471447601676,9079.088288288289,0.0061924736907096635
908,-1.5934979234499307,9089.098198198199,0.006185728507480688
909,-1.5935243991875472,9099.108108108108,0.006178998272850733
910,-1.5935508748201135,9109.118018018018,0.0061722829374627934
911,-1.5935773503531931,9119.127927927928,0.006165582452176994
912,-1.5936038257923346,9129.137837837838,0.0061588967680694705
913,-1.5936303011430695,9139.147747747747,0.006152225836431109
914,-1.5936567764108973,9149.157657657657,0.006145569608766399
915,-1.5936832516013195,9159.167567567567,0.006138928036792296
916,-1.5937097267198028,9169.177477477477,0.0061323010724369876
917,-1.593736201771797,9179.187387387388,0.006125688667838808
918,-1.5937626767627389,9189.197297297298,0.006119090775345038
919,-1.5937891516980425,9199.207207207208,0.006112507347510819
920,-1.5938156265830956,9209.217117117118,0.006105938337097954
921,-1.5938421014232873,9219.227027027027,0.006099383697073832
922,-1.5938685762239613,9229.236936936937,0.006092843380610311
923,-1.593895050990472,9239.246846846847,0.006086317341082594
924,-1.59392152572813,9249.256756756757,0.006079805532068099
925,-1.5939480004422444,9259.266666666666,0.006073307907345416
926,-1.593974475138104,9269.276576576576,0.006066824420893198
927,-1.5940009498209717,9279.286486486486,0.006060355026889046
928,-1.5940274244960937,9289.296396396396,0.00605389967970849
929,-1.5940538991687079,9299.306306306305,0.006047458333923873
930,-1.5940803738440275,9309.316216216217,0.006041030944303328
931,-1.5941068485272474,9319.326126126127,0.006034617465809713
932,-1.5941333232235475,9329.336036036037,0.006028217853599525
933,-1.5941597979380908,9339.345945945946,0.006021832063021918
934,-1.5941862726760216,9349.355855855856,0.0060154600496176575
935,-1.5942127474424674,9359.365765765766,0.006009101769118047
936,-1.5942392222425366,9369.375675675676,0.006002757177443974
937,-1.5942656970813227,9379.385585585585,0.005996426230704827
938,-1.5942921719639063,9389.395495495495,0.005990108885197566
939,-1.5943186468953419,9399.405405405405,0.005983805097405637
940,-1.594345121880677,9409.415315315315,0.00597751482399807
941,-1.5943715969249308,9419.425225225224,0.005971238021828409
942,-1.5943980720331237,9429.435135135136,0.005964974647933754
943,-1.59442454721024,9439.445045045046,0.00595872465953381
944,-1.5944510224612627,9449.454954954956,0.005952488014029914
945,-1.5944774977911458,9459.464864864865,0.00594626466900404
946,-1.5945039732048396,9469.474774774775,0.005940054582217862
947,-1.5945304487072736,9479.484684684685,0.005933857711611824
948,-1.5945569243033562,9489.494594594595,0.005927674015304155
949,-1.5945833999979866,9499.504504504504,0.0059215034515899545
950,-1.5946098757960427,9509.514414414414,0.005915345978940252
951,-1.594636351702394,9519.524324324324,0.005909201556001081
952,-1.594662827721886,9529.534234234234,0.00590307014159256
953,-1.5946893038593533,9539.544144144144,0.005896951694707986
954,-1.5947157801196192,9549.554054054053,0.005890846174512906
955,-1.5947422565074791,9559.563963963965,0.005884753540344213
956,-1.5947687330277256,9569.573873873875,0.005878673751709285
957,-1.5947952096851317,9579.583783783784,0.005872606768285029
958,-1.59482168648445,9589.593693693694,0.005866552549917058
959,-1.5948481634304288,9599.603603603604,0.0058605110566187675
960,-1.5948746405277923,9609.613513513514,0.0058544822485704605
961,-1.5949011177812504,9619.623423423423,0.0058484660861185265
962,-1.5949275951955089,9629.633333333333,0.005842462529774503
963,-1.594954072775242,9639.643243243243,0.005836471540214277
964,-1.5949805505251244,9649.653153153153,0.005830493078277196
965,-1.595007028449803,9659.663063063063,0.005824527104965219
966,-1.5950335065539212,9669.672972972972,0.0058185735814421085
967,-1.5950599848421032,9679.682882882882,0.005812632469032547
968,-1.5950864633189623,9689.692792792794,0.0058067037292213455
969,-1.595112941989089,9699.702702702703,0.005800787323652561
970,-1.59513942085707,9709.712612612613,0.005794883214128738
971,-1.5951658999274685,9719.722522522523,0.005788991362610056
972,-1.5951923792048384,9729.732432432433,0.005783111731213507
973,-1.595218858693727,9739.742342342342,0.005777244282212101
974,-1.5952453383986562,9749.752252252252,0.005771388978034083
975,-1.595271818324129,9759.762162162162,0.0057655457812620945
976,-1.5952982984746573,9769.772072072072,0.005759714654632426
977,-1.5953247788547202,9779.781981981982,0.005753895561034173
978,-1.5953512594687844,9789.791891891891,0.005748088463508529
979,-1.595377740321312,9799.801801801801,0.005742293325247919
980,-1.5954042214167508,9809.811711711713,0.00573651010959531
981,-1.595430702759524,9819.821621621622,0.005730738780043371
982,-1.5954571843540528,9829.831531531532,0.005724979300233763
983,-1.5954836662047411,9839.841441441442,0.005719231633956352
984,-1.5955101483159793,9849.851351351352,0.005713495745148454
985,-1.5955366306921441,9859.861261261261,0.005707771597894104
986,-1.5955631133376016,9869.871171171171,0.005702059156423273
987,-1.5955895962567033,9879.881081081081,0.005696358385111193
988,-1.5956160794537888,9889.89099099099,0.005690669248477538
989,-1.5956425629331827,9899.9009009009,0.005684991711185753
990,-1.5956690466991967,9909.91081081081,0.005679325738042318
991,-1.5956955307561362,9919.92072072072,0.005673671293995979
992,-1.5957220151082823,9929.93063063063,0.005668028344137105
993,-1.5957484997599203,9939.940540540541,0.005662396853696901
994,-1.595774984715302,9949.950450450451,0.005656776788046742
995,-1.595801469978687,9959.960360360361,0.005651168112697465
996,-1.595827955554307,9969.97027027027,0.0056455707932986324
997,-1.59585444144639,9979.98018018018,0.0056399847956378835
998,-1.59588092765915,9989.99009009009,0.00563441008564021
999,-1.5959074141967855,10000.0,0.005628846629367264
